{"cameraMode":{"drawMode":0,"name":"Shaded","section":"Shading Mode"},"sceneLighting":false,"audioPlay":false,"sceneViewState":{"showFog":true,"showMaterialUpdate":false,"showSkybox":true,"showFlares":true,"showImageEffects":true,"showParticleSystems":true},"in2DMode":false,"pivot":{"x":-11.25791072845459,"y":0.5549805164337158,"z":-9.737527847290039},"rotation":{"x":-0.18676315248012544,"y":0.17086414992809297,"z":-0.033004336059093478,"w":-0.9668689966201782},"size":6.63047981262207,"orthographic":false}