{"cameraMode":{"drawMode":0,"name":"Shaded","section":"Shading Mode"},"sceneLighting":false,"audioPlay":false,"sceneViewState":{"showFog":true,"showMaterialUpdate":false,"showSkybox":true,"showFlares":true,"showImageEffects":true,"showParticleSystems":true},"in2DMode":false,"pivot":{"x":1.1689445972442628,"y":-0.15711212158203126,"z":5.514983654022217},"rotation":{"x":0.24139928817749024,"y":0.02619771659374237,"z":-0.0065193758346140389,"w":0.9700503349304199},"size":11.32784366607666,"orthographic":false}