{"cameraMode":{"drawMode":0,"name":"Shaded","section":"Shading Mode"},"sceneLighting":false,"audioPlay":false,"sceneViewState":{"showFog":true,"showMaterialUpdate":false,"showSkybox":true,"showFlares":true,"showImageEffects":true,"showParticleSystems":true},"in2DMode":false,"pivot":{"x":1.9758763313293458,"y":2.038097858428955,"z":0.24518823623657227},"rotation":{"x":-0.0030023728031665088,"y":0.9086076617240906,"z":0.006532490253448486,"w":0.41758882999420168},"size":7.838298797607422,"orthographic":false}