{"cameraMode":{"drawMode":0,"name":"Shaded","section":"Shading Mode"},"sceneLighting":false,"audioPlay":false,"sceneViewState":{"showFog":true,"showMaterialUpdate":false,"showSkybox":true,"showFlares":true,"showImageEffects":true,"showParticleSystems":true},"in2DMode":false,"pivot":{"x":-0.7619190216064453,"y":2.2077507972717287,"z":-3.342977523803711},"rotation":{"x":0.004809157457202673,"y":0.937574028968811,"z":-0.34751051664352419,"w":0.012971560470759869},"size":7.420022010803223,"orthographic":false}