{"cameraMode":{"drawMode":0,"name":"Shaded","section":"Shading Mode"},"sceneLighting":false,"audioPlay":false,"sceneViewState":{"showFog":true,"showMaterialUpdate":false,"showSkybox":true,"showFlares":true,"showImageEffects":true,"showParticleSystems":true},"in2DMode":false,"pivot":{"x":-34.815799713134769,"y":-3.3385443687438967,"z":-72.69085693359375},"rotation":{"x":0.07671299576759339,"y":0.02392139844596386,"z":-0.0018410830525681377,"w":0.9967645406723023},"size":24.435588836669923,"orthographic":false}