{"cameraMode":{"drawMode":0,"name":"Shaded","section":"Shading Mode"},"sceneLighting":false,"audioPlay":false,"sceneViewState":{"showFog":true,"showMaterialUpdate":false,"showSkybox":true,"showFlares":true,"showImageEffects":true,"showParticleSystems":true},"in2DMode":false,"pivot":{"x":-8.732751846313477,"y":0.7408466339111328,"z":-3.7307991981506349},"rotation":{"x":0.2684665024280548,"y":-0.7013012170791626,"z":0.3287171423435211,"w":0.5727543234825134},"size":8.365530967712403,"orthographic":false}