{"cameraMode":{"drawMode":0,"name":"Shaded","section":"Shading Mode"},"sceneLighting":false,"audioPlay":false,"sceneViewState":{"showFog":true,"showMaterialUpdate":false,"showSkybox":true,"showFlares":true,"showImageEffects":true,"showParticleSystems":true},"in2DMode":false,"pivot":{"x":-0.128617525100708,"y":1.4758286476135255,"z":0.05370283126831055},"rotation":{"x":-0.010577810928225518,"y":-0.42467620968818667,"z":-0.004963097162544727,"w":0.905269980430603},"size":4.644244194030762,"orthographic":false}