{"cameraMode":{"drawMode":0,"name":"Shaded","section":"Shading Mode"},"sceneLighting":false,"audioPlay":false,"sceneViewState":{"showFog":true,"showMaterialUpdate":false,"showSkybox":true,"showFlares":true,"showImageEffects":true,"showParticleSystems":true},"in2DMode":false,"pivot":{"x":-15.543227195739746,"y":12.209172248840332,"z":-7.191781044006348},"rotation":{"x":-0.0024729163851588966,"y":-0.9392115473747253,"z":0.3432633876800537,"w":-0.0067665413953363899},"size":3.5092687606811525,"orthographic":false}