{"cameraMode":{"drawMode":0,"name":"Shaded","section":"Shading Mode"},"sceneLighting":false,"audioPlay":false,"sceneViewState":{"showFog":true,"showMaterialUpdate":false,"showSkybox":true,"showFlares":true,"showImageEffects":true,"showParticleSystems":true},"in2DMode":false,"pivot":{"x":288.361328125,"y":-476.927978515625,"z":1712.8646240234375},"rotation":{"x":-0.19778278470039369,"y":-0.7636274099349976,"z":0.2746981084346771,"w":-0.5498145818710327},"size":4531.7158203125,"orthographic":false}