{"cameraMode":{"drawMode":0,"name":"Shaded","section":"Shading Mode"},"sceneLighting":false,"audioPlay":false,"sceneViewState":{"showFog":true,"showMaterialUpdate":false,"showSkybox":true,"showFlares":true,"showImageEffects":true,"showParticleSystems":true},"in2DMode":false,"pivot":{"x":-0.5586698651313782,"y":-1.519667148590088,"z":5.252048015594482},"rotation":{"x":0.21508453786373139,"y":-0.03222096338868141,"z":0.007100368849933147,"w":0.9760379791259766},"size":10.017875671386719,"orthographic":false}